FullDate,Day,DaySuffix,DayOfWeek,DayOfWeekNumber,DayOfWeekInMonth,DayOfYearNumber,RelativeDays,WeekOfYearNumber,WeekOfMonthNumber,RelativeWeeks,CalendarMonthNumber,CalendarMonthName,RelativeMonths,CalendarQuarterNumber,CalendarQuarterName,RelativeQuarters,CalendarYearNumber,RelativeYears,StandardDate,WeekDayFlag,HolidayFlag,OpenFlag,FirstDayOfCalendarMonthFlag,LastDayOfCalendarMonthFlag,HolidayText,ReportWeekNumber,ReportMonthNumber,ReportQuarterNumber,ReportYearNumber,ReportWeekStart,ReportWeekEnd,ReportMonthName,ReportQuarterName
2019-01-01,1,1st,Tuesday,3,1,1,-1266,1,1,-181,1,January,-41,1,Q1,-13,2019,-3,01/01/2019,1,0,1,1,0,NULL,1,1,1,2019,2018-12-27,2019-01-02,January,Q1
2019-01-02,2,2nd,Wednesday,4,1,2,-1265,1,1,-181,1,January,-41,1,Q1,-13,2019,-3,01/02/2019,1,0,1,0,0,NULL,1,1,1,2019,2018-12-27,2019-01-02,January,Q1
2019-01-03,3,3rd,Thursday,5,1,3,-1264,1,1,-181,1,January,-41,1,Q1,-13,2019,-3,01/03/2019,1,0,1,0,0,NULL,2,1,1,2019,2019-01-03,2019-01-09,January,Q1
2019-01-04,4,4th,Friday,6,1,4,-1263,1,1,-181,1,January,-41,1,Q1,-13,2019,-3,01/04/2019,1,0,1,0,0,NULL,2,1,1,2019,2019-01-03,2019-01-09,January,Q1
2019-01-05,5,5th,Saturday,7,1,5,-1262,1,1,-181,1,January,-41,1,Q1,-13,2019,-3,01/05/2019,0,0,1,0,0,NULL,2,1,1,2019,2019-01-03,2019-01-09,January,Q1
2019-01-06,6,6th,Sunday,1,1,6,-1261,2,2,-180,1,January,-41,1,Q1,-13,2019,-3,01/06/2019,0,0,0,0,0,NULL,2,1,1,2019,2019-01-03,2019-01-09,January,Q1
2019-01-07,7,7th,Monday,2,1,7,-1260,2,2,-180,1,January,-41,1,Q1,-13,2019,-3,01/07/2019,1,0,1,0,0,NULL,2,1,1,2019,2019-01-03,2019-01-09,January,Q1
2019-01-08,8,8th,Tuesday,3,2,8,-1259,2,2,-180,1,January,-41,1,Q1,-13,2019,-3,01/08/2019,1,0,1,0,0,NULL,2,1,1,2019,2019-01-03,2019-01-09,January,Q1
2019-01-09,9,9th,Wednesday,4,2,9,-1258,2,2,-180,1,January,-41,1,Q1,-13,2019,-3,01/09/2019,1,0,1,0,0,NULL,2,1,1,2019,2019-01-03,2019-01-09,January,Q1
2019-01-10,10,10th,Thursday,5,2,10,-1257,2,2,-180,1,January,-41,1,Q1,-13,2019,-3,01/10/2019,1,0,1,0,0,NULL,3,1,1,2019,2019-01-10,2019-01-16,January,Q1
2019-01-11,11,11th,Friday,6,2,11,-1256,2,2,-180,1,January,-41,1,Q1,-13,2019,-3,01/11/2019,1,0,1,0,0,NULL,3,1,1,2019,2019-01-10,2019-01-16,January,Q1
2019-01-12,12,12th,Saturday,7,2,12,-1255,2,2,-180,1,January,-41,1,Q1,-13,2019,-3,01/12/2019,0,0,1,0,0,NULL,3,1,1,2019,2019-01-10,2019-01-16,January,Q1
2019-01-13,13,13th,Sunday,1,2,13,-1254,3,3,-179,1,January,-41,1,Q1,-13,2019,-3,01/13/2019,0,0,0,0,0,NULL,3,1,1,2019,2019-01-10,2019-01-16,January,Q1
2019-01-14,14,14th,Monday,2,2,14,-1253,3,3,-179,1,January,-41,1,Q1,-13,2019,-3,01/14/2019,1,0,1,0,0,NULL,3,1,1,2019,2019-01-10,2019-01-16,January,Q1
2019-01-15,15,15th,Tuesday,3,3,15,-1252,3,3,-179,1,January,-41,1,Q1,-13,2019,-3,01/15/2019,1,0,1,0,0,NULL,3,1,1,2019,2019-01-10,2019-01-16,January,Q1
2019-01-16,16,16th,Wednesday,4,3,16,-1251,3,3,-179,1,January,-41,1,Q1,-13,2019,-3,01/16/2019,1,0,1,0,0,NULL,3,1,1,2019,2019-01-10,2019-01-16,January,Q1
2019-01-17,17,17th,Thursday,5,3,17,-1250,3,3,-179,1,January,-41,1,Q1,-13,2019,-3,01/17/2019,1,0,1,0,0,NULL,4,1,1,2019,2019-01-17,2019-01-23,January,Q1
2019-01-18,18,18th,Friday,6,3,18,-1249,3,3,-179,1,January,-41,1,Q1,-13,2019,-3,01/18/2019,1,0,1,0,0,NULL,4,1,1,2019,2019-01-17,2019-01-23,January,Q1
2019-01-19,19,19th,Saturday,7,3,19,-1248,3,3,-179,1,January,-41,1,Q1,-13,2019,-3,01/19/2019,0,0,1,0,0,NULL,4,1,1,2019,2019-01-17,2019-01-23,January,Q1
2019-01-20,20,20th,Sunday,1,3,20,-1247,4,4,-178,1,January,-41,1,Q1,-13,2019,-3,01/20/2019,0,0,0,0,0,NULL,4,1,1,2019,2019-01-17,2019-01-23,January,Q1
2019-01-21,21,21st,Monday,2,3,21,-1246,4,4,-178,1,January,-41,1,Q1,-13,2019,-3,01/21/2019,1,0,1,0,0,NULL,4,1,1,2019,2019-01-17,2019-01-23,January,Q1
2019-01-22,22,22nd,Tuesday,3,4,22,-1245,4,4,-178,1,January,-41,1,Q1,-13,2019,-3,01/22/2019,1,0,1,0,0,NULL,4,1,1,2019,2019-01-17,2019-01-23,January,Q1
2019-01-23,23,23rd,Wednesday,4,4,23,-1244,4,4,-178,1,January,-41,1,Q1,-13,2019,-3,01/23/2019,1,0,1,0,0,NULL,4,1,1,2019,2019-01-17,2019-01-23,January,Q1
2019-01-24,24,24th,Thursday,5,4,24,-1243,4,4,-178,1,January,-41,1,Q1,-13,2019,-3,01/24/2019,1,0,1,0,0,NULL,5,1,1,2019,2019-01-24,2019-01-30,January,Q1
2019-01-25,25,25th,Friday,6,4,25,-1242,4,4,-178,1,January,-41,1,Q1,-13,2019,-3,01/25/2019,1,0,1,0,0,NULL,5,1,1,2019,2019-01-24,2019-01-30,January,Q1
2019-01-26,26,26th,Saturday,7,4,26,-1241,4,4,-178,1,January,-41,1,Q1,-13,2019,-3,01/26/2019,0,0,1,0,0,NULL,5,1,1,2019,2019-01-24,2019-01-30,January,Q1
2019-01-27,27,27th,Sunday,1,4,27,-1240,5,5,-177,1,January,-41,1,Q1,-13,2019,-3,01/27/2019,0,0,0,0,0,NULL,5,1,1,2019,2019-01-24,2019-01-30,January,Q1
2019-01-28,28,28th,Monday,2,4,28,-1239,5,5,-177,1,January,-41,1,Q1,-13,2019,-3,01/28/2019,1,0,1,0,0,NULL,5,1,1,2019,2019-01-24,2019-01-30,January,Q1
2019-01-29,29,29th,Tuesday,3,5,29,-1238,5,5,-177,1,January,-41,1,Q1,-13,2019,-3,01/29/2019,1,0,1,0,0,NULL,5,1,1,2019,2019-01-24,2019-01-30,January,Q1
2019-01-30,30,30th,Wednesday,4,5,30,-1237,5,5,-177,1,January,-41,1,Q1,-13,2019,-3,01/30/2019,1,0,1,0,0,NULL,5,1,1,2019,2019-01-24,2019-01-30,January,Q1
2019-01-31,31,31st,Thursday,5,5,31,-1236,5,5,-177,1,January,-41,1,Q1,-13,2019,-3,01/31/2019,1,0,1,0,1,NULL,6,2,1,2019,2019-01-31,2019-02-06,February,Q1
2019-02-01,1,1st,Friday,6,1,32,-1235,5,1,-177,2,February,-40,1,Q1,-13,2019,-3,02/01/2019,1,0,1,1,0,NULL,6,2,1,2019,2019-01-31,2019-02-06,February,Q1
2019-02-02,2,2nd,Saturday,7,1,33,-1234,5,1,-177,2,February,-40,1,Q1,-13,2019,-3,02/02/2019,0,0,1,0,0,NULL,6,2,1,2019,2019-01-31,2019-02-06,February,Q1
2019-02-03,3,3rd,Sunday,1,1,34,-1233,6,2,-176,2,February,-40,1,Q1,-13,2019,-3,02/03/2019,0,0,0,0,0,NULL,6,2,1,2019,2019-01-31,2019-02-06,February,Q1
2019-02-04,4,4th,Monday,2,1,35,-1232,6,2,-176,2,February,-40,1,Q1,-13,2019,-3,02/04/2019,1,0,1,0,0,NULL,6,2,1,2019,2019-01-31,2019-02-06,February,Q1
2019-02-05,5,5th,Tuesday,3,1,36,-1231,6,2,-176,2,February,-40,1,Q1,-13,2019,-3,02/05/2019,1,0,1,0,0,NULL,6,2,1,2019,2019-01-31,2019-02-06,February,Q1
2019-02-06,6,6th,Wednesday,4,1,37,-1230,6,2,-176,2,February,-40,1,Q1,-13,2019,-3,02/06/2019,1,0,1,0,0,NULL,6,2,1,2019,2019-01-31,2019-02-06,February,Q1
2019-02-07,7,7th,Thursday,5,1,38,-1229,6,2,-176,2,February,-40,1,Q1,-13,2019,-3,02/07/2019,1,0,1,0,0,NULL,7,2,1,2019,2019-02-07,2019-02-13,February,Q1
2019-02-08,8,8th,Friday,6,2,39,-1228,6,2,-176,2,February,-40,1,Q1,-13,2019,-3,02/08/2019,1,0,1,0,0,NULL,7,2,1,2019,2019-02-07,2019-02-13,February,Q1
2019-02-09,9,9th,Saturday,7,2,40,-1227,6,2,-176,2,February,-40,1,Q1,-13,2019,-3,02/09/2019,0,0,1,0,0,NULL,7,2,1,2019,2019-02-07,2019-02-13,February,Q1
2019-02-10,10,10th,Sunday,1,2,41,-1226,7,3,-175,2,February,-40,1,Q1,-13,2019,-3,02/10/2019,0,0,0,0,0,NULL,7,2,1,2019,2019-02-07,2019-02-13,February,Q1
2019-02-11,11,11th,Monday,2,2,42,-1225,7,3,-175,2,February,-40,1,Q1,-13,2019,-3,02/11/2019,1,0,1,0,0,NULL,7,2,1,2019,2019-02-07,2019-02-13,February,Q1
2019-02-12,12,12th,Tuesday,3,2,43,-1224,7,3,-175,2,February,-40,1,Q1,-13,2019,-3,02/12/2019,1,0,1,0,0,NULL,7,2,1,2019,2019-02-07,2019-02-13,February,Q1
2019-02-13,13,13th,Wednesday,4,2,44,-1223,7,3,-175,2,February,-40,1,Q1,-13,2019,-3,02/13/2019,1,0,1,0,0,NULL,7,2,1,2019,2019-02-07,2019-02-13,February,Q1
2019-02-14,14,14th,Thursday,5,2,45,-1222,7,3,-175,2,February,-40,1,Q1,-13,2019,-3,02/14/2019,1,0,1,0,0,NULL,8,2,1,2019,2019-02-14,2019-02-20,February,Q1
2019-02-15,15,15th,Friday,6,3,46,-1221,7,3,-175,2,February,-40,1,Q1,-13,2019,-3,02/15/2019,1,0,1,0,0,NULL,8,2,1,2019,2019-02-14,2019-02-20,February,Q1
2019-02-16,16,16th,Saturday,7,3,47,-1220,7,3,-175,2,February,-40,1,Q1,-13,2019,-3,02/16/2019,0,0,1,0,0,NULL,8,2,1,2019,2019-02-14,2019-02-20,February,Q1
2019-02-17,17,17th,Sunday,1,3,48,-1219,8,4,-174,2,February,-40,1,Q1,-13,2019,-3,02/17/2019,0,0,0,0,0,NULL,8,2,1,2019,2019-02-14,2019-02-20,February,Q1
2019-02-18,18,18th,Monday,2,3,49,-1218,8,4,-174,2,February,-40,1,Q1,-13,2019,-3,02/18/2019,1,0,1,0,0,NULL,8,2,1,2019,2019-02-14,2019-02-20,February,Q1
2019-02-19,19,19th,Tuesday,3,3,50,-1217,8,4,-174,2,February,-40,1,Q1,-13,2019,-3,02/19/2019,1,0,1,0,0,NULL,8,2,1,2019,2019-02-14,2019-02-20,February,Q1
2019-02-20,20,20th,Wednesday,4,3,51,-1216,8,4,-174,2,February,-40,1,Q1,-13,2019,-3,02/20/2019,1,0,1,0,0,NULL,8,2,1,2019,2019-02-14,2019-02-20,February,Q1
2019-02-21,21,21st,Thursday,5,3,52,-1215,8,4,-174,2,February,-40,1,Q1,-13,2019,-3,02/21/2019,1,0,1,0,0,NULL,9,2,1,2019,2019-02-21,2019-02-27,February,Q1
2019-02-22,22,22nd,Friday,6,4,53,-1214,8,4,-174,2,February,-40,1,Q1,-13,2019,-3,02/22/2019,1,0,1,0,0,NULL,9,2,1,2019,2019-02-21,2019-02-27,February,Q1
2019-02-23,23,23rd,Saturday,7,4,54,-1213,8,4,-174,2,February,-40,1,Q1,-13,2019,-3,02/23/2019,0,0,1,0,0,NULL,9,2,1,2019,2019-02-21,2019-02-27,February,Q1
2019-02-24,24,24th,Sunday,1,4,55,-1212,9,5,-173,2,February,-40,1,Q1,-13,2019,-3,02/24/2019,0,0,0,0,0,NULL,9,2,1,2019,2019-02-21,2019-02-27,February,Q1
2019-02-25,25,25th,Monday,2,4,56,-1211,9,5,-173,2,February,-40,1,Q1,-13,2019,-3,02/25/2019,1,0,1,0,0,NULL,9,2,1,2019,2019-02-21,2019-02-27,February,Q1
2019-02-26,26,26th,Tuesday,3,4,57,-1210,9,5,-173,2,February,-40,1,Q1,-13,2019,-3,02/26/2019,1,0,1,0,0,NULL,9,2,1,2019,2019-02-21,2019-02-27,February,Q1
2019-02-27,27,27th,Wednesday,4,4,58,-1209,9,5,-173,2,February,-40,1,Q1,-13,2019,-3,02/27/2019,1,0,1,0,0,NULL,9,2,1,2019,2019-02-21,2019-02-27,February,Q1
2019-02-28,28,28th,Thursday,5,4,59,-1208,9,5,-173,2,February,-40,1,Q1,-13,2019,-3,02/28/2019,1,0,1,0,1,NULL,10,3,1,2019,2019-02-28,2019-03-06,March,Q1
2019-03-01,1,1st,Friday,6,1,60,-1207,9,1,-173,3,March,-39,1,Q1,-13,2019,-3,03/01/2019,1,0,1,1,0,NULL,10,3,1,2019,2019-02-28,2019-03-06,March,Q1
2019-03-02,2,2nd,Saturday,7,1,61,-1206,9,1,-173,3,March,-39,1,Q1,-13,2019,-3,03/02/2019,0,0,1,0,0,NULL,10,3,1,2019,2019-02-28,2019-03-06,March,Q1
2019-03-03,3,3rd,Sunday,1,1,62,-1205,10,2,-172,3,March,-39,1,Q1,-13,2019,-3,03/03/2019,0,0,0,0,0,NULL,10,3,1,2019,2019-02-28,2019-03-06,March,Q1
2019-03-04,4,4th,Monday,2,1,63,-1204,10,2,-172,3,March,-39,1,Q1,-13,2019,-3,03/04/2019,1,0,1,0,0,NULL,10,3,1,2019,2019-02-28,2019-03-06,March,Q1
2019-03-05,5,5th,Tuesday,3,1,64,-1203,10,2,-172,3,March,-39,1,Q1,-13,2019,-3,03/05/2019,1,0,1,0,0,NULL,10,3,1,2019,2019-02-28,2019-03-06,March,Q1
2019-03-06,6,6th,Wednesday,4,1,65,-1202,10,2,-172,3,March,-39,1,Q1,-13,2019,-3,03/06/2019,1,0,1,0,0,NULL,10,3,1,2019,2019-02-28,2019-03-06,March,Q1
2019-03-07,7,7th,Thursday,5,1,66,-1201,10,2,-172,3,March,-39,1,Q1,-13,2019,-3,03/07/2019,1,0,1,0,0,NULL,11,3,1,2019,2019-03-07,2019-03-13,March,Q1
2019-03-08,8,8th,Friday,6,2,67,-1200,10,2,-172,3,March,-39,1,Q1,-13,2019,-3,03/08/2019,1,0,1,0,0,NULL,11,3,1,2019,2019-03-07,2019-03-13,March,Q1
2019-03-09,9,9th,Saturday,7,2,68,-1199,10,2,-172,3,March,-39,1,Q1,-13,2019,-3,03/09/2019,0,0,1,0,0,NULL,11,3,1,2019,2019-03-07,2019-03-13,March,Q1
2019-03-10,10,10th,Sunday,1,2,69,-1198,11,3,-171,3,March,-39,1,Q1,-13,2019,-3,03/10/2019,0,0,0,0,0,NULL,11,3,1,2019,2019-03-07,2019-03-13,March,Q1
2019-03-11,11,11th,Monday,2,2,70,-1197,11,3,-171,3,March,-39,1,Q1,-13,2019,-3,03/11/2019,1,0,1,0,0,NULL,11,3,1,2019,2019-03-07,2019-03-13,March,Q1
2019-03-12,12,12th,Tuesday,3,2,71,-1196,11,3,-171,3,March,-39,1,Q1,-13,2019,-3,03/12/2019,1,0,1,0,0,NULL,11,3,1,2019,2019-03-07,2019-03-13,March,Q1
2019-03-13,13,13th,Wednesday,4,2,72,-1195,11,3,-171,3,March,-39,1,Q1,-13,2019,-3,03/13/2019,1,0,1,0,0,NULL,11,3,1,2019,2019-03-07,2019-03-13,March,Q1
2019-03-14,14,14th,Thursday,5,2,73,-1194,11,3,-171,3,March,-39,1,Q1,-13,2019,-3,03/14/2019,1,0,1,0,0,NULL,12,3,1,2019,2019-03-14,2019-03-20,March,Q1
2019-03-15,15,15th,Friday,6,3,74,-1193,11,3,-171,3,March,-39,1,Q1,-13,2019,-3,03/15/2019,1,0,1,0,0,NULL,12,3,1,2019,2019-03-14,2019-03-20,March,Q1
2019-03-16,16,16th,Saturday,7,3,75,-1192,11,3,-171,3,March,-39,1,Q1,-13,2019,-3,03/16/2019,0,0,1,0,0,NULL,12,3,1,2019,2019-03-14,2019-03-20,March,Q1
2019-03-17,17,17th,Sunday,1,3,76,-1191,12,4,-170,3,March,-39,1,Q1,-13,2019,-3,03/17/2019,0,0,0,0,0,NULL,12,3,1,2019,2019-03-14,2019-03-20,March,Q1
2019-03-18,18,18th,Monday,2,3,77,-1190,12,4,-170,3,March,-39,1,Q1,-13,2019,-3,03/18/2019,1,0,1,0,0,NULL,12,3,1,2019,2019-03-14,2019-03-20,March,Q1
2019-03-19,19,19th,Tuesday,3,3,78,-1189,12,4,-170,3,March,-39,1,Q1,-13,2019,-3,03/19/2019,1,0,1,0,0,NULL,12,3,1,2019,2019-03-14,2019-03-20,March,Q1
2019-03-20,20,20th,Wednesday,4,3,79,-1188,12,4,-170,3,March,-39,1,Q1,-13,2019,-3,03/20/2019,1,0,1,0,0,NULL,12,3,1,2019,2019-03-14,2019-03-20,March,Q1
2019-03-21,21,21st,Thursday,5,3,80,-1187,12,4,-170,3,March,-39,1,Q1,-13,2019,-3,03/21/2019,1,0,1,0,0,NULL,13,3,1,2019,2019-03-21,2019-03-27,March,Q1
2019-03-22,22,22nd,Friday,6,4,81,-1186,12,4,-170,3,March,-39,1,Q1,-13,2019,-3,03/22/2019,1,0,1,0,0,NULL,13,3,1,2019,2019-03-21,2019-03-27,March,Q1
2019-03-23,23,23rd,Saturday,7,4,82,-1185,12,4,-170,3,March,-39,1,Q1,-13,2019,-3,03/23/2019,0,0,1,0,0,NULL,13,3,1,2019,2019-03-21,2019-03-27,March,Q1
2019-03-24,24,24th,Sunday,1,4,83,-1184,13,5,-169,3,March,-39,1,Q1,-13,2019,-3,03/24/2019,0,0,0,0,0,NULL,13,3,1,2019,2019-03-21,2019-03-27,March,Q1
2019-03-25,25,25th,Monday,2,4,84,-1183,13,5,-169,3,March,-39,1,Q1,-13,2019,-3,03/25/2019,1,0,1,0,0,NULL,13,3,1,2019,2019-03-21,2019-03-27,March,Q1
2019-03-26,26,26th,Tuesday,3,4,85,-1182,13,5,-169,3,March,-39,1,Q1,-13,2019,-3,03/26/2019,1,0,1,0,0,NULL,13,3,1,2019,2019-03-21,2019-03-27,March,Q1
2019-03-27,27,27th,Wednesday,4,4,86,-1181,13,5,-169,3,March,-39,1,Q1,-13,2019,-3,03/27/2019,1,0,1,0,0,NULL,13,3,1,2019,2019-03-21,2019-03-27,March,Q1
2019-03-28,28,28th,Thursday,5,4,87,-1180,13,5,-169,3,March,-39,1,Q1,-13,2019,-3,03/28/2019,1,0,1,0,0,NULL,14,4,2,2019,2019-03-28,2019-04-03,April,Q2
2019-03-29,29,29th,Friday,6,5,88,-1179,13,5,-169,3,March,-39,1,Q1,-13,2019,-3,03/29/2019,1,0,1,0,0,NULL,14,4,2,2019,2019-03-28,2019-04-03,April,Q2
2019-03-30,30,30th,Saturday,7,5,89,-1178,13,5,-169,3,March,-39,1,Q1,-13,2019,-3,03/30/2019,0,0,1,0,0,NULL,14,4,2,2019,2019-03-28,2019-04-03,April,Q2
2019-03-31,31,31st,Sunday,1,5,90,-1177,14,6,-168,3,March,-39,1,Q1,-13,2019,-3,03/31/2019,0,0,0,0,1,NULL,14,4,2,2019,2019-03-28,2019-04-03,April,Q2
2019-04-01,1,1st,Monday,2,1,91,-1176,14,1,-168,4,April,-38,2,Q2,-12,2019,-3,04/01/2019,1,0,1,1,0,NULL,14,4,2,2019,2019-03-28,2019-04-03,April,Q2
2019-04-02,2,2nd,Tuesday,3,1,92,-1175,14,1,-168,4,April,-38,2,Q2,-12,2019,-3,04/02/2019,1,0,1,0,0,NULL,14,4,2,2019,2019-03-28,2019-04-03,April,Q2
2019-04-03,3,3rd,Wednesday,4,1,93,-1174,14,1,-168,4,April,-38,2,Q2,-12,2019,-3,04/03/2019,1,0,1,0,0,NULL,14,4,2,2019,2019-03-28,2019-04-03,April,Q2
2019-04-04,4,4th,Thursday,5,1,94,-1173,14,1,-168,4,April,-38,2,Q2,-12,2019,-3,04/04/2019,1,0,1,0,0,NULL,15,4,2,2019,2019-04-04,2019-04-10,April,Q2
2019-04-05,5,5th,Friday,6,1,95,-1172,14,1,-168,4,April,-38,2,Q2,-12,2019,-3,04/05/2019,1,0,1,0,0,NULL,15,4,2,2019,2019-04-04,2019-04-10,April,Q2
2019-04-06,6,6th,Saturday,7,1,96,-1171,14,1,-168,4,April,-38,2,Q2,-12,2019,-3,04/06/2019,0,0,1,0,0,NULL,15,4,2,2019,2019-04-04,2019-04-10,April,Q2
2019-04-07,7,7th,Sunday,1,1,97,-1170,15,2,-167,4,April,-38,2,Q2,-12,2019,-3,04/07/2019,0,0,0,0,0,NULL,15,4,2,2019,2019-04-04,2019-04-10,April,Q2
2019-04-08,8,8th,Monday,2,2,98,-1169,15,2,-167,4,April,-38,2,Q2,-12,2019,-3,04/08/2019,1,0,1,0,0,NULL,15,4,2,2019,2019-04-04,2019-04-10,April,Q2
2019-04-09,9,9th,Tuesday,3,2,99,-1168,15,2,-167,4,April,-38,2,Q2,-12,2019,-3,04/09/2019,1,0,1,0,0,NULL,15,4,2,2019,2019-04-04,2019-04-10,April,Q2
2019-04-10,10,10th,Wednesday,4,2,100,-1167,15,2,-167,4,April,-38,2,Q2,-12,2019,-3,04/10/2019,1,0,1,0,0,NULL,15,4,2,2019,2019-04-04,2019-04-10,April,Q2
2019-04-11,11,11th,Thursday,5,2,101,-1166,15,2,-167,4,April,-38,2,Q2,-12,2019,-3,04/11/2019,1,0,1,0,0,NULL,16,4,2,2019,2019-04-11,2019-04-17,April,Q2
2019-04-12,12,12th,Friday,6,2,102,-1165,15,2,-167,4,April,-38,2,Q2,-12,2019,-3,04/12/2019,1,0,1,0,0,NULL,16,4,2,2019,2019-04-11,2019-04-17,April,Q2
2019-04-13,13,13th,Saturday,7,2,103,-1164,15,2,-167,4,April,-38,2,Q2,-12,2019,-3,04/13/2019,0,0,1,0,0,NULL,16,4,2,2019,2019-04-11,2019-04-17,April,Q2
2019-04-14,14,14th,Sunday,1,2,104,-1163,16,3,-166,4,April,-38,2,Q2,-12,2019,-3,04/14/2019,0,0,0,0,0,NULL,16,4,2,2019,2019-04-11,2019-04-17,April,Q2
2019-04-15,15,15th,Monday,2,3,105,-1162,16,3,-166,4,April,-38,2,Q2,-12,2019,-3,04/15/2019,1,0,1,0,0,NULL,16,4,2,2019,2019-04-11,2019-04-17,April,Q2
2019-04-16,16,16th,Tuesday,3,3,106,-1161,16,3,-166,4,April,-38,2,Q2,-12,2019,-3,04/16/2019,1,0,1,0,0,NULL,16,4,2,2019,2019-04-11,2019-04-17,April,Q2
2019-04-17,17,17th,Wednesday,4,3,107,-1160,16,3,-166,4,April,-38,2,Q2,-12,2019,-3,04/17/2019,1,0,1,0,0,NULL,16,4,2,2019,2019-04-11,2019-04-17,April,Q2
2019-04-18,18,18th,Thursday,5,3,108,-1159,16,3,-166,4,April,-38,2,Q2,-12,2019,-3,04/18/2019,1,0,1,0,0,NULL,17,4,2,2019,2019-04-18,2019-04-24,April,Q2
2019-04-19,19,19th,Friday,6,3,109,-1158,16,3,-166,4,April,-38,2,Q2,-12,2019,-3,04/19/2019,1,0,1,0,0,NULL,17,4,2,2019,2019-04-18,2019-04-24,April,Q2
2019-04-20,20,20th,Saturday,7,3,110,-1157,16,3,-166,4,April,-38,2,Q2,-12,2019,-3,04/20/2019,0,0,1,0,0,NULL,17,4,2,2019,2019-04-18,2019-04-24,April,Q2
2019-04-21,21,21st,Sunday,1,3,111,-1156,17,4,-165,4,April,-38,2,Q2,-12,2019,-3,04/21/2019,0,0,0,0,0,NULL,17,4,2,2019,2019-04-18,2019-04-24,April,Q2
2019-04-22,22,22nd,Monday,2,4,112,-1155,17,4,-165,4,April,-38,2,Q2,-12,2019,-3,04/22/2019,1,0,1,0,0,NULL,17,4,2,2019,2019-04-18,2019-04-24,April,Q2
2019-04-23,23,23rd,Tuesday,3,4,113,-1154,17,4,-165,4,April,-38,2,Q2,-12,2019,-3,04/23/2019,1,0,1,0,0,NULL,17,4,2,2019,2019-04-18,2019-04-24,April,Q2
2019-04-24,24,24th,Wednesday,4,4,114,-1153,17,4,-165,4,April,-38,2,Q2,-12,2019,-3,04/24/2019,1,0,1,0,0,NULL,17,4,2,2019,2019-04-18,2019-04-24,April,Q2
2019-04-25,25,25th,Thursday,5,4,115,-1152,17,4,-165,4,April,-38,2,Q2,-12,2019,-3,04/25/2019,1,0,1,0,0,NULL,18,5,2,2019,2019-04-25,2019-05-01,May,Q2
2019-04-26,26,26th,Friday,6,4,116,-1151,17,4,-165,4,April,-38,2,Q2,-12,2019,-3,04/26/2019,1,0,1,0,0,NULL,18,5,2,2019,2019-04-25,2019-05-01,May,Q2
2019-04-27,27,27th,Saturday,7,4,117,-1150,17,4,-165,4,April,-38,2,Q2,-12,2019,-3,04/27/2019,0,0,1,0,0,NULL,18,5,2,2019,2019-04-25,2019-05-01,May,Q2
2019-04-28,28,28th,Sunday,1,4,118,-1149,18,5,-164,4,April,-38,2,Q2,-12,2019,-3,04/28/2019,0,0,0,0,0,NULL,18,5,2,2019,2019-04-25,2019-05-01,May,Q2
2019-04-29,29,29th,Monday,2,5,119,-1148,18,5,-164,4,April,-38,2,Q2,-12,2019,-3,04/29/2019,1,0,1,0,0,NULL,18,5,2,2019,2019-04-25,2019-05-01,May,Q2
2019-04-30,30,30th,Tuesday,3,5,120,-1147,18,5,-164,4,April,-38,2,Q2,-12,2019,-3,04/30/2019,1,0,1,0,1,NULL,18,5,2,2019,2019-04-25,2019-05-01,May,Q2
2019-05-01,1,1st,Wednesday,4,1,121,-1146,18,1,-164,5,May,-37,2,Q2,-12,2019,-3,05/01/2019,1,0,1,1,0,NULL,18,5,2,2019,2019-04-25,2019-05-01,May,Q2
2019-05-02,2,2nd,Thursday,5,1,122,-1145,18,1,-164,5,May,-37,2,Q2,-12,2019,-3,05/02/2019,1,0,1,0,0,NULL,19,5,2,2019,2019-05-02,2019-05-08,May,Q2
2019-05-03,3,3rd,Friday,6,1,123,-1144,18,1,-164,5,May,-37,2,Q2,-12,2019,-3,05/03/2019,1,0,1,0,0,NULL,19,5,2,2019,2019-05-02,2019-05-08,May,Q2
2019-05-04,4,4th,Saturday,7,1,124,-1143,18,1,-164,5,May,-37,2,Q2,-12,2019,-3,05/04/2019,0,0,1,0,0,NULL,19,5,2,2019,2019-05-02,2019-05-08,May,Q2
2019-05-05,5,5th,Sunday,1,1,125,-1142,19,2,-163,5,May,-37,2,Q2,-12,2019,-3,05/05/2019,0,0,0,0,0,NULL,19,5,2,2019,2019-05-02,2019-05-08,May,Q2
2019-05-06,6,6th,Monday,2,1,126,-1141,19,2,-163,5,May,-37,2,Q2,-12,2019,-3,05/06/2019,1,0,1,0,0,NULL,19,5,2,2019,2019-05-02,2019-05-08,May,Q2
2019-05-07,7,7th,Tuesday,3,1,127,-1140,19,2,-163,5,May,-37,2,Q2,-12,2019,-3,05/07/2019,1,0,1,0,0,NULL,19,5,2,2019,2019-05-02,2019-05-08,May,Q2
2019-05-08,8,8th,Wednesday,4,2,128,-1139,19,2,-163,5,May,-37,2,Q2,-12,2019,-3,05/08/2019,1,0,1,0,0,NULL,19,5,2,2019,2019-05-02,2019-05-08,May,Q2
2019-05-09,9,9th,Thursday,5,2,129,-1138,19,2,-163,5,May,-37,2,Q2,-12,2019,-3,05/09/2019,1,0,1,0,0,NULL,20,5,2,2019,2019-05-09,2019-05-15,May,Q2
2019-05-10,10,10th,Friday,6,2,130,-1137,19,2,-163,5,May,-37,2,Q2,-12,2019,-3,05/10/2019,1,0,1,0,0,NULL,20,5,2,2019,2019-05-09,2019-05-15,May,Q2
2019-05-11,11,11th,Saturday,7,2,131,-1136,19,2,-163,5,May,-37,2,Q2,-12,2019,-3,05/11/2019,0,0,1,0,0,NULL,20,5,2,2019,2019-05-09,2019-05-15,May,Q2
2019-05-12,12,12th,Sunday,1,2,132,-1135,20,3,-162,5,May,-37,2,Q2,-12,2019,-3,05/12/2019,0,0,0,0,0,NULL,20,5,2,2019,2019-05-09,2019-05-15,May,Q2
2019-05-13,13,13th,Monday,2,2,133,-1134,20,3,-162,5,May,-37,2,Q2,-12,2019,-3,05/13/2019,1,0,1,0,0,NULL,20,5,2,2019,2019-05-09,2019-05-15,May,Q2
2019-05-14,14,14th,Tuesday,3,2,134,-1133,20,3,-162,5,May,-37,2,Q2,-12,2019,-3,05/14/2019,1,0,1,0,0,NULL,20,5,2,2019,2019-05-09,2019-05-15,May,Q2
2019-05-15,15,15th,Wednesday,4,3,135,-1132,20,3,-162,5,May,-37,2,Q2,-12,2019,-3,05/15/2019,1,0,1,0,0,NULL,20,5,2,2019,2019-05-09,2019-05-15,May,Q2
2019-05-16,16,16th,Thursday,5,3,136,-1131,20,3,-162,5,May,-37,2,Q2,-12,2019,-3,05/16/2019,1,0,1,0,0,NULL,21,5,2,2019,2019-05-16,2019-05-22,May,Q2
2019-05-17,17,17th,Friday,6,3,137,-1130,20,3,-162,5,May,-37,2,Q2,-12,2019,-3,05/17/2019,1,0,1,0,0,NULL,21,5,2,2019,2019-05-16,2019-05-22,May,Q2
2019-05-18,18,18th,Saturday,7,3,138,-1129,20,3,-162,5,May,-37,2,Q2,-12,2019,-3,05/18/2019,0,0,1,0,0,NULL,21,5,2,2019,2019-05-16,2019-05-22,May,Q2
2019-05-19,19,19th,Sunday,1,3,139,-1128,21,4,-161,5,May,-37,2,Q2,-12,2019,-3,05/19/2019,0,0,0,0,0,NULL,21,5,2,2019,2019-05-16,2019-05-22,May,Q2
2019-05-20,20,20th,Monday,2,3,140,-1127,21,4,-161,5,May,-37,2,Q2,-12,2019,-3,05/20/2019,1,0,1,0,0,NULL,21,5,2,2019,2019-05-16,2019-05-22,May,Q2
2019-05-21,21,21st,Tuesday,3,3,141,-1126,21,4,-161,5,May,-37,2,Q2,-12,2019,-3,05/21/2019,1,0,1,0,0,NULL,21,5,2,2019,2019-05-16,2019-05-22,May,Q2
2019-05-22,22,22nd,Wednesday,4,4,142,-1125,21,4,-161,5,May,-37,2,Q2,-12,2019,-3,05/22/2019,1,0,1,0,0,NULL,21,5,2,2019,2019-05-16,2019-05-22,May,Q2
2019-05-23,23,23rd,Thursday,5,4,143,-1124,21,4,-161,5,May,-37,2,Q2,-12,2019,-3,05/23/2019,1,0,1,0,0,NULL,22,5,2,2019,2019-05-23,2019-05-29,May,Q2
2019-05-24,24,24th,Friday,6,4,144,-1123,21,4,-161,5,May,-37,2,Q2,-12,2019,-3,05/24/2019,1,0,1,0,0,NULL,22,5,2,2019,2019-05-23,2019-05-29,May,Q2
2019-05-25,25,25th,Saturday,7,4,145,-1122,21,4,-161,5,May,-37,2,Q2,-12,2019,-3,05/25/2019,0,0,1,0,0,NULL,22,5,2,2019,2019-05-23,2019-05-29,May,Q2
2019-05-26,26,26th,Sunday,1,4,146,-1121,22,5,-160,5,May,-37,2,Q2,-12,2019,-3,05/26/2019,0,0,0,0,0,NULL,22,5,2,2019,2019-05-23,2019-05-29,May,Q2
2019-05-27,27,27th,Monday,2,4,147,-1120,22,5,-160,5,May,-37,2,Q2,-12,2019,-3,05/27/2019,1,0,1,0,0,NULL,22,5,2,2019,2019-05-23,2019-05-29,May,Q2
2019-05-28,28,28th,Tuesday,3,4,148,-1119,22,5,-160,5,May,-37,2,Q2,-12,2019,-3,05/28/2019,1,0,1,0,0,NULL,22,5,2,2019,2019-05-23,2019-05-29,May,Q2
2019-05-29,29,29th,Wednesday,4,5,149,-1118,22,5,-160,5,May,-37,2,Q2,-12,2019,-3,05/29/2019,1,0,1,0,0,NULL,22,5,2,2019,2019-05-23,2019-05-29,May,Q2
2019-05-30,30,30th,Thursday,5,5,150,-1117,22,5,-160,5,May,-37,2,Q2,-12,2019,-3,05/30/2019,1,0,1,0,0,NULL,23,6,2,2019,2019-05-30,2019-06-05,June,Q2
2019-05-31,31,31st,Friday,6,5,151,-1116,22,5,-160,5,May,-37,2,Q2,-12,2019,-3,05/31/2019,1,0,1,0,1,NULL,23,6,2,2019,2019-05-30,2019-06-05,June,Q2
2019-06-01,1,1st,Saturday,7,1,152,-1115,22,1,-160,6,June,-36,2,Q2,-12,2019,-3,06/01/2019,0,0,1,1,0,NULL,23,6,2,2019,2019-05-30,2019-06-05,June,Q2
2019-06-02,2,2nd,Sunday,1,1,153,-1114,23,2,-159,6,June,-36,2,Q2,-12,2019,-3,06/02/2019,0,0,0,0,0,NULL,23,6,2,2019,2019-05-30,2019-06-05,June,Q2
2019-06-03,3,3rd,Monday,2,1,154,-1113,23,2,-159,6,June,-36,2,Q2,-12,2019,-3,06/03/2019,1,0,1,0,0,NULL,23,6,2,2019,2019-05-30,2019-06-05,June,Q2
2019-06-04,4,4th,Tuesday,3,1,155,-1112,23,2,-159,6,June,-36,2,Q2,-12,2019,-3,06/04/2019,1,0,1,0,0,NULL,23,6,2,2019,2019-05-30,2019-06-05,June,Q2
2019-06-05,5,5th,Wednesday,4,1,156,-1111,23,2,-159,6,June,-36,2,Q2,-12,2019,-3,06/05/2019,1,0,1,0,0,NULL,23,6,2,2019,2019-05-30,2019-06-05,June,Q2
2019-06-06,6,6th,Thursday,5,1,157,-1110,23,2,-159,6,June,-36,2,Q2,-12,2019,-3,06/06/2019,1,0,1,0,0,NULL,24,6,2,2019,2019-06-06,2019-06-12,June,Q2
2019-06-07,7,7th,Friday,6,1,158,-1109,23,2,-159,6,June,-36,2,Q2,-12,2019,-3,06/07/2019,1,0,1,0,0,NULL,24,6,2,2019,2019-06-06,2019-06-12,June,Q2
2019-06-08,8,8th,Saturday,7,2,159,-1108,23,2,-159,6,June,-36,2,Q2,-12,2019,-3,06/08/2019,0,0,1,0,0,NULL,24,6,2,2019,2019-06-06,2019-06-12,June,Q2
2019-06-09,9,9th,Sunday,1,2,160,-1107,24,3,-158,6,June,-36,2,Q2,-12,2019,-3,06/09/2019,0,0,0,0,0,NULL,24,6,2,2019,2019-06-06,2019-06-12,June,Q2
2019-06-10,10,10th,Monday,2,2,161,-1106,24,3,-158,6,June,-36,2,Q2,-12,2019,-3,06/10/2019,1,0,1,0,0,NULL,24,6,2,2019,2019-06-06,2019-06-12,June,Q2
2019-06-11,11,11th,Tuesday,3,2,162,-1105,24,3,-158,6,June,-36,2,Q2,-12,2019,-3,06/11/2019,1,0,1,0,0,NULL,24,6,2,2019,2019-06-06,2019-06-12,June,Q2
2019-06-12,12,12th,Wednesday,4,2,163,-1104,24,3,-158,6,June,-36,2,Q2,-12,2019,-3,06/12/2019,1,0,1,0,0,NULL,24,6,2,2019,2019-06-06,2019-06-12,June,Q2
2019-06-13,13,13th,Thursday,5,2,164,-1103,24,3,-158,6,June,-36,2,Q2,-12,2019,-3,06/13/2019,1,0,1,0,0,NULL,25,6,2,2019,2019-06-13,2019-06-19,June,Q2
2019-06-14,14,14th,Friday,6,2,165,-1102,24,3,-158,6,June,-36,2,Q2,-12,2019,-3,06/14/2019,1,0,1,0,0,NULL,25,6,2,2019,2019-06-13,2019-06-19,June,Q2
2019-06-15,15,15th,Saturday,7,3,166,-1101,24,3,-158,6,June,-36,2,Q2,-12,2019,-3,06/15/2019,0,0,1,0,0,NULL,25,6,2,2019,2019-06-13,2019-06-19,June,Q2
2019-06-16,16,16th,Sunday,1,3,167,-1100,25,4,-157,6,June,-36,2,Q2,-12,2019,-3,06/16/2019,0,0,0,0,0,NULL,25,6,2,2019,2019-06-13,2019-06-19,June,Q2
2019-06-17,17,17th,Monday,2,3,168,-1099,25,4,-157,6,June,-36,2,Q2,-12,2019,-3,06/17/2019,1,0,1,0,0,NULL,25,6,2,2019,2019-06-13,2019-06-19,June,Q2
2019-06-18,18,18th,Tuesday,3,3,169,-1098,25,4,-157,6,June,-36,2,Q2,-12,2019,-3,06/18/2019,1,0,1,0,0,NULL,25,6,2,2019,2019-06-13,2019-06-19,June,Q2
2019-06-19,19,19th,Wednesday,4,3,170,-1097,25,4,-157,6,June,-36,2,Q2,-12,2019,-3,06/19/2019,1,0,1,0,0,NULL,25,6,2,2019,2019-06-13,2019-06-19,June,Q2
2019-06-20,20,20th,Thursday,5,3,171,-1096,25,4,-157,6,June,-36,2,Q2,-12,2019,-3,06/20/2019,1,0,1,0,0,NULL,26,6,2,2019,2019-06-20,2019-06-26,June,Q2
2019-06-21,21,21st,Friday,6,3,172,-1095,25,4,-157,6,June,-36,2,Q2,-12,2019,-3,06/21/2019,1,0,1,0,0,NULL,26,6,2,2019,2019-06-20,2019-06-26,June,Q2
2019-06-22,22,22nd,Saturday,7,4,173,-1094,25,4,-157,6,June,-36,2,Q2,-12,2019,-3,06/22/2019,0,0,1,0,0,NULL,26,6,2,2019,2019-06-20,2019-06-26,June,Q2
2019-06-23,23,23rd,Sunday,1,4,174,-1093,26,5,-156,6,June,-36,2,Q2,-12,2019,-3,06/23/2019,0,0,0,0,0,NULL,26,6,2,2019,2019-06-20,2019-06-26,June,Q2
2019-06-24,24,24th,Monday,2,4,175,-1092,26,5,-156,6,June,-36,2,Q2,-12,2019,-3,06/24/2019,1,0,1,0,0,NULL,26,6,2,2019,2019-06-20,2019-06-26,June,Q2
2019-06-25,25,25th,Tuesday,3,4,176,-1091,26,5,-156,6,June,-36,2,Q2,-12,2019,-3,06/25/2019,1,0,1,0,0,NULL,26,6,2,2019,2019-06-20,2019-06-26,June,Q2
2019-06-26,26,26th,Wednesday,4,4,177,-1090,26,5,-156,6,June,-36,2,Q2,-12,2019,-3,06/26/2019,1,0,1,0,0,NULL,26,6,2,2019,2019-06-20,2019-06-26,June,Q2
2019-06-27,27,27th,Thursday,5,4,178,-1089,26,5,-156,6,June,-36,2,Q2,-12,2019,-3,06/27/2019,1,0,1,0,0,NULL,27,7,3,2019,2019-06-27,2019-07-03,July,Q3
2019-06-28,28,28th,Friday,6,4,179,-1088,26,5,-156,6,June,-36,2,Q2,-12,2019,-3,06/28/2019,1,0,1,0,0,NULL,27,7,3,2019,2019-06-27,2019-07-03,July,Q3
2019-06-29,29,29th,Saturday,7,5,180,-1087,26,5,-156,6,June,-36,2,Q2,-12,2019,-3,06/29/2019,0,0,1,0,0,NULL,27,7,3,2019,2019-06-27,2019-07-03,July,Q3
2019-06-30,30,30th,Sunday,1,5,181,-1086,27,6,-155,6,June,-36,2,Q2,-12,2019,-3,06/30/2019,0,0,0,0,1,NULL,27,7,3,2019,2019-06-27,2019-07-03,July,Q3
2019-07-01,1,1st,Monday,2,1,182,-1085,27,1,-155,7,July,-35,3,Q3,-11,2019,-3,07/01/2019,1,0,1,1,0,NULL,27,7,3,2019,2019-06-27,2019-07-03,July,Q3
2019-07-02,2,2nd,Tuesday,3,1,183,-1084,27,1,-155,7,July,-35,3,Q3,-11,2019,-3,07/02/2019,1,0,1,0,0,NULL,27,7,3,2019,2019-06-27,2019-07-03,July,Q3
2019-07-03,3,3rd,Wednesday,4,1,184,-1083,27,1,-155,7,July,-35,3,Q3,-11,2019,-3,07/03/2019,1,0,1,0,0,NULL,27,7,3,2019,2019-06-27,2019-07-03,July,Q3
2019-07-04,4,4th,Thursday,5,1,185,-1082,27,1,-155,7,July,-35,3,Q3,-11,2019,-3,07/04/2019,1,0,1,0,0,NULL,28,7,3,2019,2019-07-04,2019-07-10,July,Q3
2019-07-05,5,5th,Friday,6,1,186,-1081,27,1,-155,7,July,-35,3,Q3,-11,2019,-3,07/05/2019,1,0,1,0,0,NULL,28,7,3,2019,2019-07-04,2019-07-10,July,Q3
2019-07-06,6,6th,Saturday,7,1,187,-1080,27,1,-155,7,July,-35,3,Q3,-11,2019,-3,07/06/2019,0,0,1,0,0,NULL,28,7,3,2019,2019-07-04,2019-07-10,July,Q3
2019-07-07,7,7th,Sunday,1,1,188,-1079,28,2,-154,7,July,-35,3,Q3,-11,2019,-3,07/07/2019,0,0,0,0,0,NULL,28,7,3,2019,2019-07-04,2019-07-10,July,Q3
2019-07-08,8,8th,Monday,2,2,189,-1078,28,2,-154,7,July,-35,3,Q3,-11,2019,-3,07/08/2019,1,0,1,0,0,NULL,28,7,3,2019,2019-07-04,2019-07-10,July,Q3
2019-07-09,9,9th,Tuesday,3,2,190,-1077,28,2,-154,7,July,-35,3,Q3,-11,2019,-3,07/09/2019,1,0,1,0,0,NULL,28,7,3,2019,2019-07-04,2019-07-10,July,Q3
2019-07-10,10,10th,Wednesday,4,2,191,-1076,28,2,-154,7,July,-35,3,Q3,-11,2019,-3,07/10/2019,1,0,1,0,0,NULL,28,7,3,2019,2019-07-04,2019-07-10,July,Q3
2019-07-11,11,11th,Thursday,5,2,192,-1075,28,2,-154,7,July,-35,3,Q3,-11,2019,-3,07/11/2019,1,0,1,0,0,NULL,29,7,3,2019,2019-07-11,2019-07-17,July,Q3
2019-07-12,12,12th,Friday,6,2,193,-1074,28,2,-154,7,July,-35,3,Q3,-11,2019,-3,07/12/2019,1,0,1,0,0,NULL,29,7,3,2019,2019-07-11,2019-07-17,July,Q3
2019-07-13,13,13th,Saturday,7,2,194,-1073,28,2,-154,7,July,-35,3,Q3,-11,2019,-3,07/13/2019,0,0,1,0,0,NULL,29,7,3,2019,2019-07-11,2019-07-17,July,Q3
2019-07-14,14,14th,Sunday,1,2,195,-1072,29,3,-153,7,July,-35,3,Q3,-11,2019,-3,07/14/2019,0,0,0,0,0,NULL,29,7,3,2019,2019-07-11,2019-07-17,July,Q3
2019-07-15,15,15th,Monday,2,3,196,-1071,29,3,-153,7,July,-35,3,Q3,-11,2019,-3,07/15/2019,1,0,1,0,0,NULL,29,7,3,2019,2019-07-11,2019-07-17,July,Q3
2019-07-16,16,16th,Tuesday,3,3,197,-1070,29,3,-153,7,July,-35,3,Q3,-11,2019,-3,07/16/2019,1,0,1,0,0,NULL,29,7,3,2019,2019-07-11,2019-07-17,July,Q3
2019-07-17,17,17th,Wednesday,4,3,198,-1069,29,3,-153,7,July,-35,3,Q3,-11,2019,-3,07/17/2019,1,0,1,0,0,NULL,29,7,3,2019,2019-07-11,2019-07-17,July,Q3
2019-07-18,18,18th,Thursday,5,3,199,-1068,29,3,-153,7,July,-35,3,Q3,-11,2019,-3,07/18/2019,1,0,1,0,0,NULL,30,7,3,2019,2019-07-18,2019-07-24,July,Q3
2019-07-19,19,19th,Friday,6,3,200,-1067,29,3,-153,7,July,-35,3,Q3,-11,2019,-3,07/19/2019,1,0,1,0,0,NULL,30,7,3,2019,2019-07-18,2019-07-24,July,Q3
2019-07-20,20,20th,Saturday,7,3,201,-1066,29,3,-153,7,July,-35,3,Q3,-11,2019,-3,07/20/2019,0,0,1,0,0,NULL,30,7,3,2019,2019-07-18,2019-07-24,July,Q3
2019-07-21,21,21st,Sunday,1,3,202,-1065,30,4,-152,7,July,-35,3,Q3,-11,2019,-3,07/21/2019,0,0,0,0,0,NULL,30,7,3,2019,2019-07-18,2019-07-24,July,Q3
2019-07-22,22,22nd,Monday,2,4,203,-1064,30,4,-152,7,July,-35,3,Q3,-11,2019,-3,07/22/2019,1,0,1,0,0,NULL,30,7,3,2019,2019-07-18,2019-07-24,July,Q3
2019-07-23,23,23rd,Tuesday,3,4,204,-1063,30,4,-152,7,July,-35,3,Q3,-11,2019,-3,07/23/2019,1,0,1,0,0,NULL,30,7,3,2019,2019-07-18,2019-07-24,July,Q3
2019-07-24,24,24th,Wednesday,4,4,205,-1062,30,4,-152,7,July,-35,3,Q3,-11,2019,-3,07/24/2019,1,0,1,0,0,NULL,30,7,3,2019,2019-07-18,2019-07-24,July,Q3
2019-07-25,25,25th,Thursday,5,4,206,-1061,30,4,-152,7,July,-35,3,Q3,-11,2019,-3,07/25/2019,1,0,1,0,0,NULL,31,7,3,2019,2019-07-25,2019-07-31,July,Q3
2019-07-26,26,26th,Friday,6,4,207,-1060,30,4,-152,7,July,-35,3,Q3,-11,2019,-3,07/26/2019,1,0,1,0,0,NULL,31,7,3,2019,2019-07-25,2019-07-31,July,Q3
2019-07-27,27,27th,Saturday,7,4,208,-1059,30,4,-152,7,July,-35,3,Q3,-11,2019,-3,07/27/2019,0,0,1,0,0,NULL,31,7,3,2019,2019-07-25,2019-07-31,July,Q3
2019-07-28,28,28th,Sunday,1,4,209,-1058,31,5,-151,7,July,-35,3,Q3,-11,2019,-3,07/28/2019,0,0,0,0,0,NULL,31,7,3,2019,2019-07-25,2019-07-31,July,Q3
2019-07-29,29,29th,Monday,2,5,210,-1057,31,5,-151,7,July,-35,3,Q3,-11,2019,-3,07/29/2019,1,0,1,0,0,NULL,31,7,3,2019,2019-07-25,2019-07-31,July,Q3
2019-07-30,30,30th,Tuesday,3,5,211,-1056,31,5,-151,7,July,-35,3,Q3,-11,2019,-3,07/30/2019,1,0,1,0,0,NULL,31,7,3,2019,2019-07-25,2019-07-31,July,Q3
2019-07-31,31,31st,Wednesday,4,5,212,-1055,31,5,-151,7,July,-35,3,Q3,-11,2019,-3,07/31/2019,1,0,1,0,1,NULL,31,7,3,2019,2019-07-25,2019-07-31,July,Q3
2019-08-01,1,1st,Thursday,5,1,213,-1054,31,1,-151,8,August,-34,3,Q3,-11,2019,-3,08/01/2019,1,0,1,1,0,NULL,32,8,3,2019,2019-08-01,2019-08-07,August,Q3
2019-08-02,2,2nd,Friday,6,1,214,-1053,31,1,-151,8,August,-34,3,Q3,-11,2019,-3,08/02/2019,1,0,1,0,0,NULL,32,8,3,2019,2019-08-01,2019-08-07,August,Q3
2019-08-03,3,3rd,Saturday,7,1,215,-1052,31,1,-151,8,August,-34,3,Q3,-11,2019,-3,08/03/2019,0,0,1,0,0,NULL,32,8,3,2019,2019-08-01,2019-08-07,August,Q3
2019-08-04,4,4th,Sunday,1,1,216,-1051,32,2,-150,8,August,-34,3,Q3,-11,2019,-3,08/04/2019,0,0,0,0,0,NULL,32,8,3,2019,2019-08-01,2019-08-07,August,Q3
2019-08-05,5,5th,Monday,2,1,217,-1050,32,2,-150,8,August,-34,3,Q3,-11,2019,-3,08/05/2019,1,0,1,0,0,NULL,32,8,3,2019,2019-08-01,2019-08-07,August,Q3
2019-08-06,6,6th,Tuesday,3,1,218,-1049,32,2,-150,8,August,-34,3,Q3,-11,2019,-3,08/06/2019,1,0,1,0,0,NULL,32,8,3,2019,2019-08-01,2019-08-07,August,Q3
2019-08-07,7,7th,Wednesday,4,1,219,-1048,32,2,-150,8,August,-34,3,Q3,-11,2019,-3,08/07/2019,1,0,1,0,0,NULL,32,8,3,2019,2019-08-01,2019-08-07,August,Q3
2019-08-08,8,8th,Thursday,5,2,220,-1047,32,2,-150,8,August,-34,3,Q3,-11,2019,-3,08/08/2019,1,0,1,0,0,NULL,33,8,3,2019,2019-08-08,2019-08-14,August,Q3
2019-08-09,9,9th,Friday,6,2,221,-1046,32,2,-150,8,August,-34,3,Q3,-11,2019,-3,08/09/2019,1,0,1,0,0,NULL,33,8,3,2019,2019-08-08,2019-08-14,August,Q3
2019-08-10,10,10th,Saturday,7,2,222,-1045,32,2,-150,8,August,-34,3,Q3,-11,2019,-3,08/10/2019,0,0,1,0,0,NULL,33,8,3,2019,2019-08-08,2019-08-14,August,Q3
2019-08-11,11,11th,Sunday,1,2,223,-1044,33,3,-149,8,August,-34,3,Q3,-11,2019,-3,08/11/2019,0,0,0,0,0,NULL,33,8,3,2019,2019-08-08,2019-08-14,August,Q3
2019-08-12,12,12th,Monday,2,2,224,-1043,33,3,-149,8,August,-34,3,Q3,-11,2019,-3,08/12/2019,1,0,1,0,0,NULL,33,8,3,2019,2019-08-08,2019-08-14,August,Q3
2019-08-13,13,13th,Tuesday,3,2,225,-1042,33,3,-149,8,August,-34,3,Q3,-11,2019,-3,08/13/2019,1,0,1,0,0,NULL,33,8,3,2019,2019-08-08,2019-08-14,August,Q3
2019-08-14,14,14th,Wednesday,4,2,226,-1041,33,3,-149,8,August,-34,3,Q3,-11,2019,-3,08/14/2019,1,0,1,0,0,NULL,33,8,3,2019,2019-08-08,2019-08-14,August,Q3
2019-08-15,15,15th,Thursday,5,3,227,-1040,33,3,-149,8,August,-34,3,Q3,-11,2019,-3,08/15/2019,1,0,1,0,0,NULL,34,8,3,2019,2019-08-15,2019-08-21,August,Q3
2019-08-16,16,16th,Friday,6,3,228,-1039,33,3,-149,8,August,-34,3,Q3,-11,2019,-3,08/16/2019,1,0,1,0,0,NULL,34,8,3,2019,2019-08-15,2019-08-21,August,Q3
2019-08-17,17,17th,Saturday,7,3,229,-1038,33,3,-149,8,August,-34,3,Q3,-11,2019,-3,08/17/2019,0,0,1,0,0,NULL,34,8,3,2019,2019-08-15,2019-08-21,August,Q3
2019-08-18,18,18th,Sunday,1,3,230,-1037,34,4,-148,8,August,-34,3,Q3,-11,2019,-3,08/18/2019,0,0,0,0,0,NULL,34,8,3,2019,2019-08-15,2019-08-21,August,Q3
2019-08-19,19,19th,Monday,2,3,231,-1036,34,4,-148,8,August,-34,3,Q3,-11,2019,-3,08/19/2019,1,0,1,0,0,NULL,34,8,3,2019,2019-08-15,2019-08-21,August,Q3
2019-08-20,20,20th,Tuesday,3,3,232,-1035,34,4,-148,8,August,-34,3,Q3,-11,2019,-3,08/20/2019,1,0,1,0,0,NULL,34,8,3,2019,2019-08-15,2019-08-21,August,Q3
2019-08-21,21,21st,Wednesday,4,3,233,-1034,34,4,-148,8,August,-34,3,Q3,-11,2019,-3,08/21/2019,1,0,1,0,0,NULL,34,8,3,2019,2019-08-15,2019-08-21,August,Q3
2019-08-22,22,22nd,Thursday,5,4,234,-1033,34,4,-148,8,August,-34,3,Q3,-11,2019,-3,08/22/2019,1,0,1,0,0,NULL,35,8,3,2019,2019-08-22,2019-08-28,August,Q3
2019-08-23,23,23rd,Friday,6,4,235,-1032,34,4,-148,8,August,-34,3,Q3,-11,2019,-3,08/23/2019,1,0,1,0,0,NULL,35,8,3,2019,2019-08-22,2019-08-28,August,Q3
2019-08-24,24,24th,Saturday,7,4,236,-1031,34,4,-148,8,August,-34,3,Q3,-11,2019,-3,08/24/2019,0,0,1,0,0,NULL,35,8,3,2019,2019-08-22,2019-08-28,August,Q3
2019-08-25,25,25th,Sunday,1,4,237,-1030,35,5,-147,8,August,-34,3,Q3,-11,2019,-3,08/25/2019,0,0,0,0,0,NULL,35,8,3,2019,2019-08-22,2019-08-28,August,Q3
2019-08-26,26,26th,Monday,2,4,238,-1029,35,5,-147,8,August,-34,3,Q3,-11,2019,-3,08/26/2019,1,0,1,0,0,NULL,35,8,3,2019,2019-08-22,2019-08-28,August,Q3
2019-08-27,27,27th,Tuesday,3,4,239,-1028,35,5,-147,8,August,-34,3,Q3,-11,2019,-3,08/27/2019,1,0,1,0,0,NULL,35,8,3,2019,2019-08-22,2019-08-28,August,Q3
2019-08-28,28,28th,Wednesday,4,4,240,-1027,35,5,-147,8,August,-34,3,Q3,-11,2019,-3,08/28/2019,1,0,1,0,0,NULL,35,8,3,2019,2019-08-22,2019-08-28,August,Q3
2019-08-29,29,29th,Thursday,5,5,241,-1026,35,5,-147,8,August,-34,3,Q3,-11,2019,-3,08/29/2019,1,0,1,0,0,NULL,36,9,3,2019,2019-08-29,2019-09-04,September,Q3
2019-08-30,30,30th,Friday,6,5,242,-1025,35,5,-147,8,August,-34,3,Q3,-11,2019,-3,08/30/2019,1,0,1,0,0,NULL,36,9,3,2019,2019-08-29,2019-09-04,September,Q3
2019-08-31,31,31st,Saturday,7,5,243,-1024,35,5,-147,8,August,-34,3,Q3,-11,2019,-3,08/31/2019,0,0,1,0,1,NULL,36,9,3,2019,2019-08-29,2019-09-04,September,Q3
2019-09-01,1,1st,Sunday,1,1,244,-1023,36,1,-146,9,September,-33,3,Q3,-11,2019,-3,09/01/2019,0,0,0,1,0,NULL,36,9,3,2019,2019-08-29,2019-09-04,September,Q3
2019-09-02,2,2nd,Monday,2,1,245,-1022,36,1,-146,9,September,-33,3,Q3,-11,2019,-3,09/02/2019,1,0,1,0,0,NULL,36,9,3,2019,2019-08-29,2019-09-04,September,Q3
2019-09-03,3,3rd,Tuesday,3,1,246,-1021,36,1,-146,9,September,-33,3,Q3,-11,2019,-3,09/03/2019,1,0,1,0,0,NULL,36,9,3,2019,2019-08-29,2019-09-04,September,Q3
2019-09-04,4,4th,Wednesday,4,1,247,-1020,36,1,-146,9,September,-33,3,Q3,-11,2019,-3,09/04/2019,1,0,1,0,0,NULL,36,9,3,2019,2019-08-29,2019-09-04,September,Q3
2019-09-05,5,5th,Thursday,5,1,248,-1019,36,1,-146,9,September,-33,3,Q3,-11,2019,-3,09/05/2019,1,0,1,0,0,NULL,37,9,3,2019,2019-09-05,2019-09-11,September,Q3
2019-09-06,6,6th,Friday,6,1,249,-1018,36,1,-146,9,September,-33,3,Q3,-11,2019,-3,09/06/2019,1,0,1,0,0,NULL,37,9,3,2019,2019-09-05,2019-09-11,September,Q3
2019-09-07,7,7th,Saturday,7,1,250,-1017,36,1,-146,9,September,-33,3,Q3,-11,2019,-3,09/07/2019,0,0,1,0,0,NULL,37,9,3,2019,2019-09-05,2019-09-11,September,Q3
2019-09-08,8,8th,Sunday,1,2,251,-1016,37,2,-145,9,September,-33,3,Q3,-11,2019,-3,09/08/2019,0,0,0,0,0,NULL,37,9,3,2019,2019-09-05,2019-09-11,September,Q3
2019-09-09,9,9th,Monday,2,2,252,-1015,37,2,-145,9,September,-33,3,Q3,-11,2019,-3,09/09/2019,1,0,1,0,0,NULL,37,9,3,2019,2019-09-05,2019-09-11,September,Q3
2019-09-10,10,10th,Tuesday,3,2,253,-1014,37,2,-145,9,September,-33,3,Q3,-11,2019,-3,09/10/2019,1,0,1,0,0,NULL,37,9,3,2019,2019-09-05,2019-09-11,September,Q3
2019-09-11,11,11th,Wednesday,4,2,254,-1013,37,2,-145,9,September,-33,3,Q3,-11,2019,-3,09/11/2019,1,0,1,0,0,NULL,37,9,3,2019,2019-09-05,2019-09-11,September,Q3
2019-09-12,12,12th,Thursday,5,2,255,-1012,37,2,-145,9,September,-33,3,Q3,-11,2019,-3,09/12/2019,1,0,1,0,0,NULL,38,9,3,2019,2019-09-12,2019-09-18,September,Q3
2019-09-13,13,13th,Friday,6,2,256,-1011,37,2,-145,9,September,-33,3,Q3,-11,2019,-3,09/13/2019,1,0,1,0,0,NULL,38,9,3,2019,2019-09-12,2019-09-18,September,Q3
2019-09-14,14,14th,Saturday,7,2,257,-1010,37,2,-145,9,September,-33,3,Q3,-11,2019,-3,09/14/2019,0,0,1,0,0,NULL,38,9,3,2019,2019-09-12,2019-09-18,September,Q3
2019-09-15,15,15th,Sunday,1,3,258,-1009,38,3,-144,9,September,-33,3,Q3,-11,2019,-3,09/15/2019,0,0,0,0,0,NULL,38,9,3,2019,2019-09-12,2019-09-18,September,Q3
2019-09-16,16,16th,Monday,2,3,259,-1008,38,3,-144,9,September,-33,3,Q3,-11,2019,-3,09/16/2019,1,0,1,0,0,NULL,38,9,3,2019,2019-09-12,2019-09-18,September,Q3
2019-09-17,17,17th,Tuesday,3,3,260,-1007,38,3,-144,9,September,-33,3,Q3,-11,2019,-3,09/17/2019,1,0,1,0,0,NULL,38,9,3,2019,2019-09-12,2019-09-18,September,Q3
2019-09-18,18,18th,Wednesday,4,3,261,-1006,38,3,-144,9,September,-33,3,Q3,-11,2019,-3,09/18/2019,1,0,1,0,0,NULL,38,9,3,2019,2019-09-12,2019-09-18,September,Q3
2019-09-19,19,19th,Thursday,5,3,262,-1005,38,3,-144,9,September,-33,3,Q3,-11,2019,-3,09/19/2019,1,0,1,0,0,NULL,39,9,3,2019,2019-09-19,2019-09-25,September,Q3
2019-09-20,20,20th,Friday,6,3,263,-1004,38,3,-144,9,September,-33,3,Q3,-11,2019,-3,09/20/2019,1,0,1,0,0,NULL,39,9,3,2019,2019-09-19,2019-09-25,September,Q3
2019-09-21,21,21st,Saturday,7,3,264,-1003,38,3,-144,9,September,-33,3,Q3,-11,2019,-3,09/21/2019,0,0,1,0,0,NULL,39,9,3,2019,2019-09-19,2019-09-25,September,Q3
2019-09-22,22,22nd,Sunday,1,4,265,-1002,39,4,-143,9,September,-33,3,Q3,-11,2019,-3,09/22/2019,0,0,0,0,0,NULL,39,9,3,2019,2019-09-19,2019-09-25,September,Q3
2019-09-23,23,23rd,Monday,2,4,266,-1001,39,4,-143,9,September,-33,3,Q3,-11,2019,-3,09/23/2019,1,0,1,0,0,NULL,39,9,3,2019,2019-09-19,2019-09-25,September,Q3
2019-09-24,24,24th,Tuesday,3,4,267,-1000,39,4,-143,9,September,-33,3,Q3,-11,2019,-3,09/24/2019,1,0,1,0,0,NULL,39,9,3,2019,2019-09-19,2019-09-25,September,Q3
2019-09-25,25,25th,Wednesday,4,4,268,-999,39,4,-143,9,September,-33,3,Q3,-11,2019,-3,09/25/2019,1,0,1,0,0,NULL,39,9,3,2019,2019-09-19,2019-09-25,September,Q3
2019-09-26,26,26th,Thursday,5,4,269,-998,39,4,-143,9,September,-33,3,Q3,-11,2019,-3,09/26/2019,1,0,1,0,0,NULL,40,10,4,2019,2019-09-26,2019-10-02,October,Q4
2019-09-27,27,27th,Friday,6,4,270,-997,39,4,-143,9,September,-33,3,Q3,-11,2019,-3,09/27/2019,1,0,1,0,0,NULL,40,10,4,2019,2019-09-26,2019-10-02,October,Q4
2019-09-28,28,28th,Saturday,7,4,271,-996,39,4,-143,9,September,-33,3,Q3,-11,2019,-3,09/28/2019,0,0,1,0,0,NULL,40,10,4,2019,2019-09-26,2019-10-02,October,Q4
2019-09-29,29,29th,Sunday,1,5,272,-995,40,5,-142,9,September,-33,3,Q3,-11,2019,-3,09/29/2019,0,0,0,0,0,NULL,40,10,4,2019,2019-09-26,2019-10-02,October,Q4
2019-09-30,30,30th,Monday,2,5,273,-994,40,5,-142,9,September,-33,3,Q3,-11,2019,-3,09/30/2019,1,0,1,0,1,NULL,40,10,4,2019,2019-09-26,2019-10-02,October,Q4
2019-10-01,1,1st,Tuesday,3,1,274,-993,40,1,-142,10,October,-32,4,Q4,-10,2019,-3,10/01/2019,1,0,1,1,0,NULL,40,10,4,2019,2019-09-26,2019-10-02,October,Q4
2019-10-02,2,2nd,Wednesday,4,1,275,-992,40,1,-142,10,October,-32,4,Q4,-10,2019,-3,10/02/2019,1,0,1,0,0,NULL,40,10,4,2019,2019-09-26,2019-10-02,October,Q4
2019-10-03,3,3rd,Thursday,5,1,276,-991,40,1,-142,10,October,-32,4,Q4,-10,2019,-3,10/03/2019,1,0,1,0,0,NULL,41,10,4,2019,2019-10-03,2019-10-09,October,Q4
2019-10-04,4,4th,Friday,6,1,277,-990,40,1,-142,10,October,-32,4,Q4,-10,2019,-3,10/04/2019,1,0,1,0,0,NULL,41,10,4,2019,2019-10-03,2019-10-09,October,Q4
2019-10-05,5,5th,Saturday,7,1,278,-989,40,1,-142,10,October,-32,4,Q4,-10,2019,-3,10/05/2019,0,0,1,0,0,NULL,41,10,4,2019,2019-10-03,2019-10-09,October,Q4
2019-10-06,6,6th,Sunday,1,1,279,-988,41,2,-141,10,October,-32,4,Q4,-10,2019,-3,10/06/2019,0,0,0,0,0,NULL,41,10,4,2019,2019-10-03,2019-10-09,October,Q4
2019-10-07,7,7th,Monday,2,1,280,-987,41,2,-141,10,October,-32,4,Q4,-10,2019,-3,10/07/2019,1,0,1,0,0,NULL,41,10,4,2019,2019-10-03,2019-10-09,October,Q4
2019-10-08,8,8th,Tuesday,3,2,281,-986,41,2,-141,10,October,-32,4,Q4,-10,2019,-3,10/08/2019,1,0,1,0,0,NULL,41,10,4,2019,2019-10-03,2019-10-09,October,Q4
2019-10-09,9,9th,Wednesday,4,2,282,-985,41,2,-141,10,October,-32,4,Q4,-10,2019,-3,10/09/2019,1,0,1,0,0,NULL,41,10,4,2019,2019-10-03,2019-10-09,October,Q4
2019-10-10,10,10th,Thursday,5,2,283,-984,41,2,-141,10,October,-32,4,Q4,-10,2019,-3,10/10/2019,1,0,1,0,0,NULL,42,10,4,2019,2019-10-10,2019-10-16,October,Q4
2019-10-11,11,11th,Friday,6,2,284,-983,41,2,-141,10,October,-32,4,Q4,-10,2019,-3,10/11/2019,1,0,1,0,0,NULL,42,10,4,2019,2019-10-10,2019-10-16,October,Q4
2019-10-12,12,12th,Saturday,7,2,285,-982,41,2,-141,10,October,-32,4,Q4,-10,2019,-3,10/12/2019,0,0,1,0,0,NULL,42,10,4,2019,2019-10-10,2019-10-16,October,Q4
2019-10-13,13,13th,Sunday,1,2,286,-981,42,3,-140,10,October,-32,4,Q4,-10,2019,-3,10/13/2019,0,0,0,0,0,NULL,42,10,4,2019,2019-10-10,2019-10-16,October,Q4
2019-10-14,14,14th,Monday,2,2,287,-980,42,3,-140,10,October,-32,4,Q4,-10,2019,-3,10/14/2019,1,0,1,0,0,NULL,42,10,4,2019,2019-10-10,2019-10-16,October,Q4
2019-10-15,15,15th,Tuesday,3,3,288,-979,42,3,-140,10,October,-32,4,Q4,-10,2019,-3,10/15/2019,1,0,1,0,0,NULL,42,10,4,2019,2019-10-10,2019-10-16,October,Q4
2019-10-16,16,16th,Wednesday,4,3,289,-978,42,3,-140,10,October,-32,4,Q4,-10,2019,-3,10/16/2019,1,0,1,0,0,NULL,42,10,4,2019,2019-10-10,2019-10-16,October,Q4
2019-10-17,17,17th,Thursday,5,3,290,-977,42,3,-140,10,October,-32,4,Q4,-10,2019,-3,10/17/2019,1,0,1,0,0,NULL,43,10,4,2019,2019-10-17,2019-10-23,October,Q4
2019-10-18,18,18th,Friday,6,3,291,-976,42,3,-140,10,October,-32,4,Q4,-10,2019,-3,10/18/2019,1,0,1,0,0,NULL,43,10,4,2019,2019-10-17,2019-10-23,October,Q4
2019-10-19,19,19th,Saturday,7,3,292,-975,42,3,-140,10,October,-32,4,Q4,-10,2019,-3,10/19/2019,0,0,1,0,0,NULL,43,10,4,2019,2019-10-17,2019-10-23,October,Q4
2019-10-20,20,20th,Sunday,1,3,293,-974,43,4,-139,10,October,-32,4,Q4,-10,2019,-3,10/20/2019,0,0,0,0,0,NULL,43,10,4,2019,2019-10-17,2019-10-23,October,Q4
2019-10-21,21,21st,Monday,2,3,294,-973,43,4,-139,10,October,-32,4,Q4,-10,2019,-3,10/21/2019,1,0,1,0,0,NULL,43,10,4,2019,2019-10-17,2019-10-23,October,Q4
2019-10-22,22,22nd,Tuesday,3,4,295,-972,43,4,-139,10,October,-32,4,Q4,-10,2019,-3,10/22/2019,1,0,1,0,0,NULL,43,10,4,2019,2019-10-17,2019-10-23,October,Q4
2019-10-23,23,23rd,Wednesday,4,4,296,-971,43,4,-139,10,October,-32,4,Q4,-10,2019,-3,10/23/2019,1,0,1,0,0,NULL,43,10,4,2019,2019-10-17,2019-10-23,October,Q4
2019-10-24,24,24th,Thursday,5,4,297,-970,43,4,-139,10,October,-32,4,Q4,-10,2019,-3,10/24/2019,1,0,1,0,0,NULL,44,10,4,2019,2019-10-24,2019-10-30,October,Q4
2019-10-25,25,25th,Friday,6,4,298,-969,43,4,-139,10,October,-32,4,Q4,-10,2019,-3,10/25/2019,1,0,1,0,0,NULL,44,10,4,2019,2019-10-24,2019-10-30,October,Q4
2019-10-26,26,26th,Saturday,7,4,299,-968,43,4,-139,10,October,-32,4,Q4,-10,2019,-3,10/26/2019,0,0,1,0,0,NULL,44,10,4,2019,2019-10-24,2019-10-30,October,Q4
2019-10-27,27,27th,Sunday,1,4,300,-967,44,5,-138,10,October,-32,4,Q4,-10,2019,-3,10/27/2019,0,0,0,0,0,NULL,44,10,4,2019,2019-10-24,2019-10-30,October,Q4
2019-10-28,28,28th,Monday,2,4,301,-966,44,5,-138,10,October,-32,4,Q4,-10,2019,-3,10/28/2019,1,0,1,0,0,NULL,44,10,4,2019,2019-10-24,2019-10-30,October,Q4
2019-10-29,29,29th,Tuesday,3,5,302,-965,44,5,-138,10,October,-32,4,Q4,-10,2019,-3,10/29/2019,1,0,1,0,0,NULL,44,10,4,2019,2019-10-24,2019-10-30,October,Q4
2019-10-30,30,30th,Wednesday,4,5,303,-964,44,5,-138,10,October,-32,4,Q4,-10,2019,-3,10/30/2019,1,0,1,0,0,NULL,44,10,4,2019,2019-10-24,2019-10-30,October,Q4
2019-10-31,31,31st,Thursday,5,5,304,-963,44,5,-138,10,October,-32,4,Q4,-10,2019,-3,10/31/2019,1,0,1,0,1,NULL,45,11,4,2019,2019-10-31,2019-11-06,November,Q4
2019-11-01,1,1st,Friday,6,1,305,-962,44,1,-138,11,November,-31,4,Q4,-10,2019,-3,11/01/2019,1,0,1,1,0,NULL,45,11,4,2019,2019-10-31,2019-11-06,November,Q4
2019-11-02,2,2nd,Saturday,7,1,306,-961,44,1,-138,11,November,-31,4,Q4,-10,2019,-3,11/02/2019,0,0,1,0,0,NULL,45,11,4,2019,2019-10-31,2019-11-06,November,Q4
2019-11-03,3,3rd,Sunday,1,1,307,-960,45,2,-137,11,November,-31,4,Q4,-10,2019,-3,11/03/2019,0,0,0,0,0,NULL,45,11,4,2019,2019-10-31,2019-11-06,November,Q4
2019-11-04,4,4th,Monday,2,1,308,-959,45,2,-137,11,November,-31,4,Q4,-10,2019,-3,11/04/2019,1,0,1,0,0,NULL,45,11,4,2019,2019-10-31,2019-11-06,November,Q4
2019-11-05,5,5th,Tuesday,3,1,309,-958,45,2,-137,11,November,-31,4,Q4,-10,2019,-3,11/05/2019,1,0,1,0,0,NULL,45,11,4,2019,2019-10-31,2019-11-06,November,Q4
2019-11-06,6,6th,Wednesday,4,1,310,-957,45,2,-137,11,November,-31,4,Q4,-10,2019,-3,11/06/2019,1,0,1,0,0,NULL,45,11,4,2019,2019-10-31,2019-11-06,November,Q4
2019-11-07,7,7th,Thursday,5,1,311,-956,45,2,-137,11,November,-31,4,Q4,-10,2019,-3,11/07/2019,1,0,1,0,0,NULL,46,11,4,2019,2019-11-07,2019-11-13,November,Q4
2019-11-08,8,8th,Friday,6,2,312,-955,45,2,-137,11,November,-31,4,Q4,-10,2019,-3,11/08/2019,1,0,1,0,0,NULL,46,11,4,2019,2019-11-07,2019-11-13,November,Q4
2019-11-09,9,9th,Saturday,7,2,313,-954,45,2,-137,11,November,-31,4,Q4,-10,2019,-3,11/09/2019,0,0,1,0,0,NULL,46,11,4,2019,2019-11-07,2019-11-13,November,Q4
2019-11-10,10,10th,Sunday,1,2,314,-953,46,3,-136,11,November,-31,4,Q4,-10,2019,-3,11/10/2019,0,0,0,0,0,NULL,46,11,4,2019,2019-11-07,2019-11-13,November,Q4
2019-11-11,11,11th,Monday,2,2,315,-952,46,3,-136,11,November,-31,4,Q4,-10,2019,-3,11/11/2019,1,0,1,0,0,NULL,46,11,4,2019,2019-11-07,2019-11-13,November,Q4
2019-11-12,12,12th,Tuesday,3,2,316,-951,46,3,-136,11,November,-31,4,Q4,-10,2019,-3,11/12/2019,1,0,1,0,0,NULL,46,11,4,2019,2019-11-07,2019-11-13,November,Q4
2019-11-13,13,13th,Wednesday,4,2,317,-950,46,3,-136,11,November,-31,4,Q4,-10,2019,-3,11/13/2019,1,0,1,0,0,NULL,46,11,4,2019,2019-11-07,2019-11-13,November,Q4
2019-11-14,14,14th,Thursday,5,2,318,-949,46,3,-136,11,November,-31,4,Q4,-10,2019,-3,11/14/2019,1,0,1,0,0,NULL,47,11,4,2019,2019-11-14,2019-11-20,November,Q4
2019-11-15,15,15th,Friday,6,3,319,-948,46,3,-136,11,November,-31,4,Q4,-10,2019,-3,11/15/2019,1,0,1,0,0,NULL,47,11,4,2019,2019-11-14,2019-11-20,November,Q4
2019-11-16,16,16th,Saturday,7,3,320,-947,46,3,-136,11,November,-31,4,Q4,-10,2019,-3,11/16/2019,0,0,1,0,0,NULL,47,11,4,2019,2019-11-14,2019-11-20,November,Q4
2019-11-17,17,17th,Sunday,1,3,321,-946,47,4,-135,11,November,-31,4,Q4,-10,2019,-3,11/17/2019,0,0,0,0,0,NULL,47,11,4,2019,2019-11-14,2019-11-20,November,Q4
2019-11-18,18,18th,Monday,2,3,322,-945,47,4,-135,11,November,-31,4,Q4,-10,2019,-3,11/18/2019,1,0,1,0,0,NULL,47,11,4,2019,2019-11-14,2019-11-20,November,Q4
2019-11-19,19,19th,Tuesday,3,3,323,-944,47,4,-135,11,November,-31,4,Q4,-10,2019,-3,11/19/2019,1,0,1,0,0,NULL,47,11,4,2019,2019-11-14,2019-11-20,November,Q4
2019-11-20,20,20th,Wednesday,4,3,324,-943,47,4,-135,11,November,-31,4,Q4,-10,2019,-3,11/20/2019,1,0,1,0,0,NULL,47,11,4,2019,2019-11-14,2019-11-20,November,Q4
2019-11-21,21,21st,Thursday,5,3,325,-942,47,4,-135,11,November,-31,4,Q4,-10,2019,-3,11/21/2019,1,0,1,0,0,NULL,48,11,4,2019,2019-11-21,2019-11-27,November,Q4
2019-11-22,22,22nd,Friday,6,4,326,-941,47,4,-135,11,November,-31,4,Q4,-10,2019,-3,11/22/2019,1,0,1,0,0,NULL,48,11,4,2019,2019-11-21,2019-11-27,November,Q4
2019-11-23,23,23rd,Saturday,7,4,327,-940,47,4,-135,11,November,-31,4,Q4,-10,2019,-3,11/23/2019,0,0,1,0,0,NULL,48,11,4,2019,2019-11-21,2019-11-27,November,Q4
2019-11-24,24,24th,Sunday,1,4,328,-939,48,5,-134,11,November,-31,4,Q4,-10,2019,-3,11/24/2019,0,0,0,0,0,NULL,48,11,4,2019,2019-11-21,2019-11-27,November,Q4
2019-11-25,25,25th,Monday,2,4,329,-938,48,5,-134,11,November,-31,4,Q4,-10,2019,-3,11/25/2019,1,0,1,0,0,NULL,48,11,4,2019,2019-11-21,2019-11-27,November,Q4
2019-11-26,26,26th,Tuesday,3,4,330,-937,48,5,-134,11,November,-31,4,Q4,-10,2019,-3,11/26/2019,1,0,1,0,0,NULL,48,11,4,2019,2019-11-21,2019-11-27,November,Q4
2019-11-27,27,27th,Wednesday,4,4,331,-936,48,5,-134,11,November,-31,4,Q4,-10,2019,-3,11/27/2019,1,0,1,0,0,NULL,48,11,4,2019,2019-11-21,2019-11-27,November,Q4
2019-11-28,28,28th,Thursday,5,4,332,-935,48,5,-134,11,November,-31,4,Q4,-10,2019,-3,11/28/2019,1,0,1,0,0,NULL,49,12,4,2019,2019-11-28,2019-12-04,December,Q4
2019-11-29,29,29th,Friday,6,5,333,-934,48,5,-134,11,November,-31,4,Q4,-10,2019,-3,11/29/2019,1,0,1,0,0,NULL,49,12,4,2019,2019-11-28,2019-12-04,December,Q4
2019-11-30,30,30th,Saturday,7,5,334,-933,48,5,-134,11,November,-31,4,Q4,-10,2019,-3,11/30/2019,0,0,1,0,1,NULL,49,12,4,2019,2019-11-28,2019-12-04,December,Q4
2019-12-01,1,1st,Sunday,1,1,335,-932,49,1,-133,12,December,-30,4,Q4,-10,2019,-3,12/01/2019,0,0,0,1,0,NULL,49,12,4,2019,2019-11-28,2019-12-04,December,Q4
2019-12-02,2,2nd,Monday,2,1,336,-931,49,1,-133,12,December,-30,4,Q4,-10,2019,-3,12/02/2019,1,0,1,0,0,NULL,49,12,4,2019,2019-11-28,2019-12-04,December,Q4
2019-12-03,3,3rd,Tuesday,3,1,337,-930,49,1,-133,12,December,-30,4,Q4,-10,2019,-3,12/03/2019,1,0,1,0,0,NULL,49,12,4,2019,2019-11-28,2019-12-04,December,Q4
2019-12-04,4,4th,Wednesday,4,1,338,-929,49,1,-133,12,December,-30,4,Q4,-10,2019,-3,12/04/2019,1,0,1,0,0,NULL,49,12,4,2019,2019-11-28,2019-12-04,December,Q4
2019-12-05,5,5th,Thursday,5,1,339,-928,49,1,-133,12,December,-30,4,Q4,-10,2019,-3,12/05/2019,1,0,1,0,0,NULL,50,12,4,2019,2019-12-05,2019-12-11,December,Q4
2019-12-06,6,6th,Friday,6,1,340,-927,49,1,-133,12,December,-30,4,Q4,-10,2019,-3,12/06/2019,1,0,1,0,0,NULL,50,12,4,2019,2019-12-05,2019-12-11,December,Q4
2019-12-07,7,7th,Saturday,7,1,341,-926,49,1,-133,12,December,-30,4,Q4,-10,2019,-3,12/07/2019,0,0,1,0,0,NULL,50,12,4,2019,2019-12-05,2019-12-11,December,Q4
2019-12-08,8,8th,Sunday,1,2,342,-925,50,2,-132,12,December,-30,4,Q4,-10,2019,-3,12/08/2019,0,0,0,0,0,NULL,50,12,4,2019,2019-12-05,2019-12-11,December,Q4
2019-12-09,9,9th,Monday,2,2,343,-924,50,2,-132,12,December,-30,4,Q4,-10,2019,-3,12/09/2019,1,0,1,0,0,NULL,50,12,4,2019,2019-12-05,2019-12-11,December,Q4
2019-12-10,10,10th,Tuesday,3,2,344,-923,50,2,-132,12,December,-30,4,Q4,-10,2019,-3,12/10/2019,1,0,1,0,0,NULL,50,12,4,2019,2019-12-05,2019-12-11,December,Q4
2019-12-11,11,11th,Wednesday,4,2,345,-922,50,2,-132,12,December,-30,4,Q4,-10,2019,-3,12/11/2019,1,0,1,0,0,NULL,50,12,4,2019,2019-12-05,2019-12-11,December,Q4
2019-12-12,12,12th,Thursday,5,2,346,-921,50,2,-132,12,December,-30,4,Q4,-10,2019,-3,12/12/2019,1,0,1,0,0,NULL,51,12,4,2019,2019-12-12,2019-12-18,December,Q4
2019-12-13,13,13th,Friday,6,2,347,-920,50,2,-132,12,December,-30,4,Q4,-10,2019,-3,12/13/2019,1,0,1,0,0,NULL,51,12,4,2019,2019-12-12,2019-12-18,December,Q4
2019-12-14,14,14th,Saturday,7,2,348,-919,50,2,-132,12,December,-30,4,Q4,-10,2019,-3,12/14/2019,0,0,1,0,0,NULL,51,12,4,2019,2019-12-12,2019-12-18,December,Q4
2019-12-15,15,15th,Sunday,1,3,349,-918,51,3,-131,12,December,-30,4,Q4,-10,2019,-3,12/15/2019,0,0,0,0,0,NULL,51,12,4,2019,2019-12-12,2019-12-18,December,Q4
2019-12-16,16,16th,Monday,2,3,350,-917,51,3,-131,12,December,-30,4,Q4,-10,2019,-3,12/16/2019,1,0,1,0,0,NULL,51,12,4,2019,2019-12-12,2019-12-18,December,Q4
2019-12-17,17,17th,Tuesday,3,3,351,-916,51,3,-131,12,December,-30,4,Q4,-10,2019,-3,12/17/2019,1,0,1,0,0,NULL,51,12,4,2019,2019-12-12,2019-12-18,December,Q4
2019-12-18,18,18th,Wednesday,4,3,352,-915,51,3,-131,12,December,-30,4,Q4,-10,2019,-3,12/18/2019,1,0,1,0,0,NULL,51,12,4,2019,2019-12-12,2019-12-18,December,Q4
2019-12-19,19,19th,Thursday,5,3,353,-914,51,3,-131,12,December,-30,4,Q4,-10,2019,-3,12/19/2019,1,0,1,0,0,NULL,52,12,4,2019,2019-12-19,2019-12-25,December,Q4
2019-12-20,20,20th,Friday,6,3,354,-913,51,3,-131,12,December,-30,4,Q4,-10,2019,-3,12/20/2019,1,0,1,0,0,NULL,52,12,4,2019,2019-12-19,2019-12-25,December,Q4
2019-12-21,21,21st,Saturday,7,3,355,-912,51,3,-131,12,December,-30,4,Q4,-10,2019,-3,12/21/2019,0,0,1,0,0,NULL,52,12,4,2019,2019-12-19,2019-12-25,December,Q4
2019-12-22,22,22nd,Sunday,1,4,356,-911,52,4,-130,12,December,-30,4,Q4,-10,2019,-3,12/22/2019,0,0,0,0,0,NULL,52,12,4,2019,2019-12-19,2019-12-25,December,Q4
2019-12-23,23,23rd,Monday,2,4,357,-910,52,4,-130,12,December,-30,4,Q4,-10,2019,-3,12/23/2019,1,0,1,0,0,NULL,52,12,4,2019,2019-12-19,2019-12-25,December,Q4
2019-12-24,24,24th,Tuesday,3,4,358,-909,52,4,-130,12,December,-30,4,Q4,-10,2019,-3,12/24/2019,1,0,1,0,0,NULL,52,12,4,2019,2019-12-19,2019-12-25,December,Q4
2019-12-25,25,25th,Wednesday,4,4,359,-908,52,4,-130,12,December,-30,4,Q4,-10,2019,-3,12/25/2019,1,0,1,0,0,NULL,52,12,4,2019,2019-12-19,2019-12-25,December,Q4
2019-12-26,26,26th,Thursday,5,4,360,-907,52,4,-130,12,December,-30,4,Q4,-10,2019,-3,12/26/2019,1,0,1,0,0,NULL,1,1,1,2020,2019-12-26,2020-01-01,January,Q1
2019-12-27,27,27th,Friday,6,4,361,-906,52,4,-130,12,December,-30,4,Q4,-10,2019,-3,12/27/2019,1,0,1,0,0,NULL,1,1,1,2020,2019-12-26,2020-01-01,January,Q1
2019-12-28,28,28th,Saturday,7,4,362,-905,52,4,-130,12,December,-30,4,Q4,-10,2019,-3,12/28/2019,0,0,1,0,0,NULL,1,1,1,2020,2019-12-26,2020-01-01,January,Q1
2019-12-29,29,29th,Sunday,1,5,363,-904,53,5,-129,12,December,-30,4,Q4,-10,2019,-3,12/29/2019,0,0,0,0,0,NULL,1,1,1,2020,2019-12-26,2020-01-01,January,Q1
2019-12-30,30,30th,Monday,2,5,364,-903,53,5,-129,12,December,-30,4,Q4,-10,2019,-3,12/30/2019,1,0,1,0,0,NULL,1,1,1,2020,2019-12-26,2020-01-01,January,Q1
2019-12-31,31,31st,Tuesday,3,5,365,-902,53,5,-129,12,December,-30,4,Q4,-10,2019,-3,12/31/2019,1,0,1,0,1,NULL,1,1,1,2020,2019-12-26,2020-01-01,January,Q1
